symbol,provider,base_timeframe,pnl,win,alignment,slope_score,regression_slope_pct,regression_r2,adx,atr,confluence_levels,confluence_fibo,alligator_mouth
SOLUSDT,binance,1h,0.30279171225815205,1,1.0,-2.0089398515623715,-0.03270739836095097,0.38867587822460625,31.814810234360948,0.15139585612907522,0.0,0.0,0.0
SOLUSDT,binance,1h,-0.6159625599929761,0,1.0,-2.507967475549613,-0.052480673294806025,0.46247006260556356,43.49016475889065,0.15962559992978248,0.0,0.0,0.0
SOLUSDT,binance,1h,0.32555156931283236,1,1.0,-0.39015610970204045,0.034878333304754656,0.37514882553421136,20.75149162191129,0.16277578465641612,0.0,0.0,0.0
SOLUSDT,binance,1h,-0.5896334406258319,0,1.0,-3.004774983234798,-0.028318695643408033,0.10874041228553144,38.49389329864058,0.19633440625832496,0.0,0.0,0.0
SOLUSDT,binance,1h,-0.030000000000001137,0,1.0,-0.10790363683860524,-0.08064550549457938,0.533382802522973,28.50207086400507,0.15706060625105223,0.0,0.0,0.0
SOLUSDT,binance,1h,0.055897202668319323,1,0.75,-0.3990827725312926,-0.030568040092368607,0.22610297770615284,18.453864256791796,0.15977797331678564,0.0,0.0,0.0
SOLUSDT,binance,1h,0.5425989751339628,1,1.0,-5.242418106186671,-0.11573421230049602,0.4057249969967106,46.89636594011447,0.2712994875669805,0.0,0.0,0.0
SOLUSDT,binance,1h,0.5784817155237469,1,1.0,-2.692493009733496,-0.017217123103353313,0.026874538740494613,25.251775410141036,0.28924085776187286,0.0,0.0,0.0
SOLUSDT,binance,1h,0.0,0,1.0,-8.691372118376531,-0.1340761693922418,0.3439256071799115,41.2631064683071,0.38404550037882695,0.0,0.0,0.0
SOLUSDT,binance,1h,-0.5600000000000005,0,1.0,-12.591903551012626,-0.5792641877718151,0.733682122210477,63.479171135805345,0.5846992102586924,0.0,0.0,0.0
SOLUSDT,binance,1h,-0.4499999999999993,0,1.0,-2.844573026734974,-0.05996373497869107,0.24341860391466164,20.25722062424811,0.2657723400734102,0.0,0.0,0.0
SOLUSDT,binance,1h,-0.292444147796445,0,1.0,-1.5968438281569957,-0.15926634920969188,0.8609735604452501,35.672962680778554,0.24370345649703687,0.0,0.0,0.0
SOLUSDT,binance,1h,-0.27465929853737947,0,1.0,-1.7230856684344802,-0.143079040534859,0.7678287325269528,24.66138266320173,0.22888274878114861,0.0,0.0,0.0
SOLUSDT,binance,1h,0.0,0,1.0,-3.02778664118691,-0.16820522362416346,0.8180429699089309,29.694594297229976,0.24280809004088322,0.0,0.0,0.0
SOLUSDT,binance,1h,0.27644400286428095,1,1.0,-4.169622555081718,-0.19197232405325157,0.848574238388336,34.83350255181492,0.2355599713571862,0.0,0.0,0.0
SOLUSDT,binance,1h,0.2799527699499862,1,1.0,-1.4849909983943865,-0.15012813484875334,0.7766293521789309,33.089508821084,0.20047230050016712,0.0,0.0,0.0
SOLUSDT,binance,1h,0.04646582929304088,1,1.0,-2.3084298573166864,-0.16493690540969155,0.8074035337957353,36.70079400944433,0.222841707069558,0.0,0.0,0.0
SOLUSDT,binance,1h,0.011118920836011625,1,1.0,-2.294308008896512,-0.1715619589122297,0.8255634397142297,36.648663483113964,0.22214412497324132,0.0,0.0,0.0
SOLUSDT,binance,1h,0.0,0,0.875,-0.3233961023792373,0.026340790878189562,0.2784819139079242,22.295890966083178,0.16316059411034808,0.0,0.0,0.0
SOLUSDT,binance,1h,0.0,0,1.0,-0.8685186137838511,0.022134037950753,0.19325166995180543,22.362392979829526,0.17318438981963694,0.0,0.0,0.0
SOLUSDT,binance,1h,-0.20751243658694563,0,1.0,-1.5793815078542952,0.0026607935101033093,0.002791633175464492,22.05701488740147,0.17292703048912111,0.0,0.0,0.0
SOLUSDT,binance,1h,-0.21817346030983487,0,1.0,-1.1042662344537801,-0.010939863785402576,0.03675864928095196,21.11036020006405,0.18181121692486255,0.0,0.0,0.0
SOLUSDT,binance,1h,0.06841013481341562,1,0.75,-0.05171046097513177,0.032616120368615845,0.230806347798452,25.727317406725856,0.18256531853249056,0.0,0.0,0.0
SOLUSDT,binance,1h,0.0,0,1.0,-2.253290221345468,-0.056906318210254145,0.494210802047095,30.94535658092357,0.1805359750282075,0.0,0.0,0.0
SOLUSDT,binance,1h,0.3810263242833365,1,1.0,-3.286195778102249,-0.06963959008970283,0.45473414137918455,37.52059799044128,0.1905131621416686,0.0,0.0,0.0
SOLUSDT,binance,1h,0.0,0,1.0,-4.8002631179280915,-0.14362796567412278,0.646814105943808,52.25298128684652,0.2191262171956165,0.0,0.0,0.0
SOLUSDT,binance,1h,0.016524321068335013,1,1.0,-3.4389539568643235,-0.16438597148493056,0.7007967981462252,55.4335800234434,0.2347567893166284,0.0,0.0,0.0
SOLUSDT,binance,1h,-0.3471261381264483,0,1.0,-2.870141822709329,-0.18040501385506788,0.7529677976997597,55.959099764728116,0.23792804793117436,0.0,0.0,0.0
SOLUSDT,binance,1h,0.5100817588511752,1,1.0,-1.3612314269062642,-0.19888170526203508,0.8145105054837363,46.52995842215489,0.2550408794255881,0.0,0.0,0.0
SOLUSDT,binance,1h,0.07996146032121842,1,1.0,-1.9809449016811804,-0.20293067717901758,0.8062634087197913,41.99069588033513,0.2670520634545416,0.0,0.0,0.0
SOLUSDT,binance,1h,0.27790346312866987,1,1.0,-2.5988595312268075,-0.2035490884185733,0.8005950761297382,42.56557502028979,0.2876320353800263,0.0,0.0,0.0
SOLUSDT,binance,1h,-0.2761035160693659,0,1.0,-0.13225279180209037,0.01776224796693447,0.039576004592418945,24.00384793954664,0.23008626339113938,0.0,0.0,0.0
SOLUSDT,binance,1h,0.0,0,1.0,0.3237263316137069,0.04108794612858513,0.07283796771851347,19.816579270082702,0.6444511682953844,0.0,0.0,0.0
SOLUSDT,binance,1h,-0.7055423380904102,0,1.0,1.2706639291527704,-0.01958406714293371,0.032148164721708006,18.198236855000918,0.5879519484086753,0.0,0.0,0.0
SOLUSDT,binance,1h,0.0,0,1.0,2.1496556882344624,0.016775020210330196,0.07064823750961724,19.986111911483537,0.32271364022950244,0.0,0.0,0.0
SOLUSDT,binance,1h,0.0,0,1.0,2.2711191306430134,0.029986350794958472,0.16859628803998272,24.98813025154905,0.3312173734631931,0.0,0.0,0.0
SOLUSDT,binance,1h,1.0153065588789971,1,1.0,2.376047012931404,0.09565228949252744,0.5545600967720568,25.80577888917977,0.5076532794395002,0.0,0.0,0.0
SOLUSDT,binance,1h,1.0373650077492726,1,1.0,3.168535591650607,0.24553098981696594,0.853660907134244,35.54338716277375,0.5186825038746365,0.0,0.0,0.0
SOLUSDT,binance,1h,1.1385177195894371,1,1.0,1.8476372620509545,0.26555608418640947,0.8709257772350497,37.630302076409514,0.5692588597947172,0.0,0.0,0.0
SOLUSDT,binance,1h,1.0477094856060845,1,1.0,4.056676139365415,0.28172246970431003,0.8702070489845503,41.60956923441365,0.6229051439391372,0.0,0.0,0.0
SOLUSDT,binance,1h,0.3889925219923356,1,1.0,3.6692156647976404,0.25669730432175497,0.8911037676088319,49.96244646495133,0.7100747800766793,0.0,0.0,0.0
SOLUSDT,binance,1h,1.541810708329784,1,1.0,3.7526937194578354,0.27919540197331577,0.9064366481075455,52.934879874206985,0.7709053541648926,0.0,0.0,0.0
SOLUSDT,binance,1h,1.7426837229986418,1,1.0,5.281589433676906,0.3022755105832563,0.8974363907106316,56.1517895483441,0.8713418614993209,0.0,0.0,0.0
SOLUSDT,binance,1h,-4.529999999999994,0,1.0,9.896403220376966,0.3601530418122238,0.8084456202596068,60.50957451004961,1.2341161969050263,0.0,0.0,0.0
SOLUSDT,binance,1h,-1.6483891149877934,0,1.0,1.4181985946342177,0.1840243852192923,0.7677715481520887,26.426335799187875,0.717224483211296,0.0,0.0,0.0
SOLUSDT,binance,1h,0.6247756472652028,1,1.0,3.4720504911070704,0.08380515392394446,0.32092428277369545,18.168015153391075,0.8522435273479679,0.0,0.0,0.0
SOLUSDT,binance,1h,-0.9699999999999989,0,1.0,4.985417504309497,0.11415744068388337,0.41168854938039545,22.17432911621489,0.854689572050033,0.0,0.0,0.0
SOLUSDT,binance,1h,0.13160579555518126,1,1.0,4.762077954993734,0.12807129302348652,0.4920296476554664,18.09776308772138,0.7839420444481671,0.0,0.0,0.0
SOLUSDT,binance,1h,-4.122508268118239,0,1.0,7.0446637250154955,0.14492420679967793,0.4791523868254005,23.48466611234257,0.8250826811823482,0.0,0.0,0.0
SOLUSDT,binance,1h,1.4116436799145688,1,1.0,0.8007440751989676,0.18249853247496262,0.5404055121247135,21.05194767335828,1.216896534187728,0.0,0.0,0.0
SOLUSDT,binance,1h,2.6742941858000577,1,1.0,6.2044815115796705,0.24500504147159852,0.671551680931427,23.572435779184005,1.3371470929000306,0.0,0.0,0.0
SOLUSDT,binance,1h,3.0738544388077287,1,1.0,8.515077001696996,0.34816996915345727,0.7553710691839319,30.693925517590145,1.5369272194038652,0.0,0.0,0.0
SOLUSDT,binance,1h,3.394355478203053,1,1.0,11.275886790589468,0.4647669039014298,0.7736911757807755,39.248008870735966,1.6971777391015266,0.0,0.0,0.0
SOLUSDT,binance,1h,0.02542689637037654,1,1.0,6.397433201419066,0.6023144336799591,0.8831451865907578,37.47662330582304,2.0790643696295494,0.0,0.0,0.0
SOLUSDT,binance,1h,1.9391691096254817,1,1.0,7.6335148825577885,0.6384967190102707,0.9180137228990406,38.64985262260835,2.1416422370785404,0.0,0.0,0.0
SOLUSDT,binance,1h,-2.1200000000000045,0,1.0,1.1650810231372244,0.37460017434784987,0.6902483216379696,25.050353176178746,2.212512902897007,0.0,0.0,0.0
SOLUSDT,binance,1h,-0.026531306158865675,0,1.0,5.534241565442507,0.048238099051719184,0.037717146303982596,19.69569983705754,1.498646394922119,0.0,0.0,0.0
SOLUSDT,binance,1h,0.0,0,1.0,4.7630944034947715,0.10724530709467694,0.17921586132453904,21.870300141188743,1.4234757180706026,0.0,0.0,0.0
SOLUSDT,binance,1h,0.5456186753296279,1,1.0,7.426198016253051,0.19221852190638844,0.39735342496653125,26.954820234164067,1.6438132467037343,0.0,0.0,0.0
SOLUSDT,binance,1h,-5.9964573272125605,0,1.0,8.952951892803485,0.40017635032793253,0.8231175031599427,34.83527942712807,1.7645732721255454,0.0,0.0,0.0
SOLUSDT,binance,1h,-1.0161301061239243,0,0.875,3.281527731667901,0.18683399516323682,0.7205740935937222,38.13545445968706,0.8467750884366017,0.0,0.0,0.0
SOLUSDT,binance,1h,0.10173269426766751,1,1.0,3.8750523140443653,0.2352740614864096,0.8531999473330366,41.47957346699731,0.882673057323329,0.0,0.0,0.0
SOLUSDT,binance,1h,-1.1207067231513221,0,0.875,3.607618770397555,0.2590003202685773,0.9070706323753476,43.047269634863,0.9339222692927671,0.0,0.0,0.0
SOLUSDT,binance,1h,0.0,0,1.0,0.3717140076607337,0.19573710119725607,0.7496054716983758,24.3332145080264,0.8432226835781625,0.0,0.0,0.0
SOLUSDT,binance,1h,-1.1041984008902404,0,1.0,1.5930752843862697,0.12026875240057498,0.576312169508963,25.488258312762262,0.9201653340752032,0.0,0.0,0.0
SOLUSDT,binance,1h,0.3062693160564294,1,1.0,0.9364741298147699,0.008964178071740644,0.01245775435515939,18.064745206777715,0.7706401727689575,0.0,0.0,0.0
SOLUSDT,binance,1h,0.0010975618463078263,1,1.0,1.2961472828584284,0.002870164699164242,0.0015094909846257165,18.375028954132816,0.7223577148702155,0.0,0.0,0.0
SOLUSDT,binance,1h,-0.8843782886514262,0,1.0,2.074863670030421,0.015837853514135292,0.041936078805115296,20.372944673944698,0.7369819072095228,0.0,0.0,0.0
SOLUSDT,binance,1h,0.5776847080685528,1,0.875,0.16297636700386842,0.03821324833566865,0.25177245461401765,18.339239194263357,0.7564862526477355,0.0,0.0,0.0
SOLUSDT,binance,1h,0.13963281830749708,1,1.0,0.7995324383742517,0.03236906237480556,0.1893498035783885,18.76719635270637,0.6161718169249498,0.0,0.0,0.0
SOLUSDT,binance,1h,1.2758473169420057,1,1.0,1.4777763079229833,0.04547609223814466,0.29382790445160056,22.389490277674895,0.6379236584710031,0.0,0.0,0.0
SOLUSDT,binance,1h,1.3063990913721142,1,1.0,1.4839385305731727,0.0866175635772365,0.6198271142185816,29.762055660696507,0.6531995456860566,0.0,0.0,0.0
SOLUSDT,binance,1h,-3.9475162969514983,0,1.0,3.0681968256045566,0.11365377678742927,0.6274871752682221,37.18831712209197,0.7751629695149589,0.0,0.0,0.0
SOLUSDT,binance,1h,0.14603654981394243,1,1.0,5.199750940644517,0.09475336378956749,0.32546310983603444,22.523234189591914,1.4396345018605783,0.0,0.0,0.0
SOLUSDT,binance,1h,2.108847841421209,1,1.0,5.299275664648871,0.10119418584375939,0.3348369709544552,25.271025846861924,1.4115215857879473,0.0,0.0,0.0
SOLUSDT,binance,1h,3.060790712811823,1,1.0,7.023694895076979,0.16700142143388655,0.4583012769388439,33.27449968494056,1.5303953564059134,0.0,0.0,0.0
SOLUSDT,binance,1h,0.4816878533860347,1,1.0,3.9473878902965076,0.39035141074378826,0.9246897480936214,48.921888241338074,1.3831214661397133,0.0,0.0,0.0
SOLUSDT,binance,1h,-1.5879342617913181,0,1.0,0.7745669017877846,-0.06563732167294017,0.22215024616251922,25.636200586827385,1.1293426179131605,0.0,0.0,0.0
SOLUSDT,binance,1h,-1.3974588236512204,0,1.0,3.215023392660182,0.13246914073693797,0.3020948013108382,35.11150799335888,1.1645490197093509,0.0,0.0,0.0
SOLUSDT,binance,1h,0.5501811362375548,1,1.0,3.2572325377073783,0.21764250560682244,0.6806898280337281,27.601124926569728,1.4648553042908914,0.0,0.0,0.0
SOLUSDT,binance,1h,2.7065309672333058,1,1.0,3.150103820042851,0.27551555587510396,0.823328440118748,23.126116106109055,1.353265483616655,0.0,0.0,0.0
SOLUSDT,binance,1h,-0.13473302440191048,0,1.0,3.886612862353734,0.30087713949868305,0.9048233539650143,26.828041362678338,1.380663577352571,0.0,0.0,0.0
SOLUSDT,binance,1h,-3.0365010941696795,0,1.0,3.7236644250351825,0.29740324497079773,0.8998438846451159,28.44331891650023,1.4650109416968602,0.0,0.0,0.0
SOLUSDT,binance,1h,0.10999999999999943,1,1.0,1.4564616876477416,0.21705687863012177,0.8004356629884007,20.629275911282104,1.619815154425104,0.0,0.0,0.0
SOLUSDT,binance,1h,3.695750357646787,1,1.0,5.011344947759541,0.32389307509500104,0.7845881603024073,47.70512964617062,1.847875178823397,0.0,0.0,0.0
SOLUSDT,binance,1h,4.694838605517546,1,1.0,6.263218097339539,0.4662173065459341,0.9596532999222269,55.691617818972176,2.3474193027587726,0.0,0.0,0.0
SOLUSDT,binance,1h,0.1584615551813755,1,1.0,9.969439630849863,0.5239868012329182,0.9526435848888878,61.88569267332589,2.4487177815192647,0.0,0.0,0.0
SOLUSDT,binance,1h,0.2530918511512965,1,1.0,10.022755655234308,0.53670413948712,0.9507317173537593,61.81847541254935,2.402414821820182,0.0,0.0,0.0
SOLUSDT,binance,1h,0.4972254566899892,1,0.875,7.262401313831697,0.535308893893522,0.9479135975033299,59.325116271965584,2.5277454331000566,0.0,0.0,0.0
SOLUSDT,binance,1h,0.8661219024836271,1,0.875,0.5129877825443268,0.44215817651299105,0.8633412564425266,38.00471178598277,2.438780975163782,0.0,0.0,0.0
SOLUSDT,binance,1h,0.0,0,1.0,2.069233173233082,0.06914769134734476,0.21354991306941717,20.29445155970749,1.6685666122483827,0.0,0.0,0.0
SOLUSDT,binance,1h,4.0284465047956814,1,1.0,4.351019983610276,0.08337680204159026,0.23973768679765617,25.77459494936081,2.014223252397839,0.0,0.0,0.0
SOLUSDT,binance,1h,4.601176088699219,1,1.0,8.37001591006359,0.13896053507349757,0.31339463919015964,34.79055310379492,2.3005880443496123,0.0,0.0,0.0
SOLUSDT,binance,1h,1.665547670064285,1,1.0,11.96126803803866,0.21828145126502452,0.4060162409350869,42.474797653863774,2.544523299357179,0.0,0.0,0.0
SOLUSDT,binance,1h,5.800963648891468,1,1.0,14.25285903755563,0.30283205440182126,0.5208270555578637,47.67727604344866,2.9004818244457304,0.0,0.0,0.0
SOLUSDT,binance,1h,-12.865204221018317,0,1.0,5.645662194495903,0.21789898545559777,0.43710564732680424,22.76194350213359,3.102042210183227,0.0,0.0,0.0
SOLUSDT,binance,1h,-0.7000000000000028,0,0.875,1.0301648934510952,-0.18229169818960472,0.42722542930800766,18.07026427180928,2.8603462650476446,0.0,0.0,0.0
SOLUSDT,binance,1h,0.0,0,1.0,5.0943483863919905,0.19473666093249278,0.6643599561992524,52.68647140350737,1.6178242713955608,0.0,0.0,0.0
SOLUSDT,binance,1h,-2.080483480811324,0,1.0,5.7816472241006505,0.22753666561326208,0.726918986778905,55.92541969412852,1.7337362340094384,0.0,0.0,0.0
SOLUSDT,binance,1h,0.6150587975097324,1,0.875,4.237233869985486,0.24793562978863956,0.7880625847910082,54.95479609293902,1.8160786915693625,0.0,0.0,0.0
SOLUSDT,binance,1h,-7.02000000000001,0,1.0,1.8922429989189986,0.47185671845786836,0.8803780441943001,32.23753216719161,4.202624119311148,0.0,0.0,0.0
SOLUSDT,binance,1h,-3.7381058082899017,0,1.0,1.0986582401730713,0.030502863255669886,0.2188051014246134,20.68973874498078,1.881058082898782,0.0,0.0,0.0
SOLUSDT,binance,1h,0.4282063863894905,1,1.0,1.0872168529176074,0.038653514426625804,0.3012968961148319,24.835231780562566,2.0512694694382367,0.0,0.0,0.0
SOLUSDT,binance,1h,0.11016006102460096,1,1.0,5.279504311376559,0.07194278680030733,0.0690592240124116,18.701274105490963,3.398399389754055,0.0,0.0,0.0
SOLUSDT,binance,1h,6.592035682330959,1,1.0,5.370161594097551,0.1055339618287616,0.13568039826131528,20.23786662428154,3.2960178411654835,0.0,0.0,0.0
SOLUSDT,binance,1h,-2.1000000000000227,0,1.0,5.383741079595309,0.23982477961304077,0.44516917282279234,30.242193285385117,3.554386043828652,0.0,0.0,0.0
SOLUSDT,binance,1h,0.11000000000001364,1,1.0,0.89928135897241,-0.052502245136987744,0.20754700138591642,28.941667727718148,2.5099778078534087,0.0,0.0,0.0
SOLUSDT,binance,1h,2.5178911671776802,1,1.0,6.103865717942126,0.2097432865723799,0.599972534166936,38.49814381049193,2.9210883282230884,0.0,0.0,0.0
SOLUSDT,binance,1h,0.674706229697307,1,1.0,5.133117073578115,0.2618847722383381,0.7369650256824136,44.50784280146812,2.9529377030270143,0.0,0.0,0.0
SOLUSDT,binance,1h,6.000474202158841,1,1.0,4.958826397565822,0.29903673115998664,0.8122026817324344,48.490500761460744,3.000237101079417,0.0,0.0,0.0
SOLUSDT,binance,1h,3.697046078719893,1,1.0,1.7355983068395067,0.32833911631700186,0.8424618044431428,28.899918690700126,4.4295392128015445,0.0,0.0,0.0
SOLUSDT,binance,1h,3.74038666991666,1,1.0,4.463818035042749,0.3448083928871107,0.8432504105663976,30.001984088034046,5.096133300833985,0.0,0.0,0.0
SOLUSDT,binance,1h,0.7913588164393275,1,1.0,0.4040279921862394,0.22809783235215603,0.6328396966598941,20.558813569912235,6.386411835607123,0.0,0.0,0.0
SOLUSDT,binance,1h,1.8727022447869786,1,1.0,2.1991022742779425,0.2147888517146027,0.6307762173745718,20.060681808775353,6.172977552130631,0.0,0.0,0.0
SOLUSDT,binance,1h,5.613351285766186,1,1.0,3.47895548034319,0.21752466415555097,0.6348869141324278,18.787472318913007,5.5331538090049595,0.0,0.0,0.0
SOLUSDT,binance,1h,1.6152458994255596,1,1.0,5.101031543378783,0.25536327004879245,0.6877837537586686,23.920577211751592,5.214207672411196,0.0,0.0,0.0
SOLUSDT,binance,1h,10.107154047321359,1,1.0,5.814037012712195,0.2770263833758614,0.7144613457997628,26.65976762842598,5.053577023660673,0.0,0.0,0.0
SOLUSDT,binance,1h,-10.641787334174296,0,1.0,3.734900527172522,0.21855111454434695,0.5929987882548806,21.671151901338,4.6178733417428415,0.0,0.0,0.0
SOLUSDT,binance,1h,1.3962344946427265,1,0.875,3.7177325571979654,0.07950463245824684,0.3635575343727724,22.359939698004215,2.462655053572453,0.0,0.0,0.0
SOLUSDT,binance,1h,0.9794985488569239,1,1.0,5.078063438768295,0.10511408861702233,0.4439240737868544,27.117695054448706,2.471681178097188,0.0,0.0,0.0
SOLUSDT,binance,1h,2.619336333793285,1,1.0,4.7525696314189485,0.11948262947494581,0.490586982606834,30.811967441848545,2.5399699954001234,0.0,0.0,0.0
SOLUSDT,binance,1h,0.8576723488862399,1,1.0,3.384857494712373,0.1551641247890007,0.6083147250400901,36.28022681675649,2.5899431778039608,0.0,0.0,0.0
SOLUSDT,binance,1h,-3.4702456975081475,0,1.0,3.8292944019539865,0.18930351610605478,0.709264318120508,38.68215475077976,2.891871414590125,0.0,0.0,0.0
SOLUSDT,binance,1h,3.5323606444065945,1,1.0,0.6316104728678211,0.2571081719508866,0.8960677932760445,31.729960013664165,2.476393555933953,0.0,0.0,0.0
SOLUSDT,binance,1h,-2.9710349748047804,0,1.0,1.1831871521934447,0.2554614771249607,0.8980671194502036,33.03840923052162,2.4758624790039723,0.0,0.0,0.0
SOLUSDT,binance,1h,-0.04730757530509777,0,1.0,1.7196372748706752,0.24346160748659468,0.88512397458848,33.19382240090084,2.473075753050922,0.0,0.0,0.0
SOLUSDT,binance,1h,0.3850868355787611,1,1.0,2.1884379570159207,0.2366097782157813,0.8771063370645462,33.23980081838719,2.3491316442122754,0.0,0.0,0.0
SOLUSDT,binance,1h,-3.021379907662862,0,1.0,2.81167936460029,0.11821534990467891,0.5568586314992536,31.25583980439501,2.517816589719046,0.0,0.0,0.0
SOLUSDT,binance,1h,3.599370180012812,1,1.0,1.414261947840962,0.04555443023093697,0.3383428979841777,18.620812201401602,1.7996850900064008,0.0,0.0,0.0
SOLUSDT,binance,1h,-4.95660546609659,0,1.0,2.42764616454433,0.05181487201175724,0.37323537247273064,29.687487565616227,1.8660546609660784,0.0,0.0,0.0
SOLUSDT,binance,1h,-0.45000000000001705,0,0.75,4.850608098034019,0.06994362451055475,0.17649161734107466,31.009877046628503,2.1175695101119945,0.0,0.0,0.0
SOLUSDT,binance,1h,4.244966190645442,1,0.75,4.713747723621353,-0.004735221398175499,0.001169187279635664,27.86227664245724,2.1224830953227283,0.0,0.0,0.0
SOLUSDT,binance,1h,2.7763257024839447,1,0.75,7.269970499089723,0.12902603240594776,0.32665030789726546,38.73777862632631,2.2367429751606682,0.0,0.0,0.0
SOLUSDT,binance,1h,0.5792634541661528,1,0.875,5.135466773196521,0.31650386166742345,0.792275716566597,53.389858810604636,2.0073654583384677,0.0,0.0,0.0
SOLUSDT,binance,1h,-2.531784259954293,0,0.75,3.428679680933697,0.338597580487639,0.8445899684770666,52.83600440611533,2.1098202166285764,0.0,0.0,0.0
SOLUSDT,binance,1h,0.0,0,0.875,1.113416049799784,0.2324619400806644,0.6494865052834464,27.807701117418308,2.2230345045104287,0.0,0.0,0.0
SOLUSDT,binance,1h,-2.973262232217934,0,0.875,3.018041950364096,0.2229376217747615,0.6431345785952758,32.030217089672306,2.4777185268482786,0.0,0.0,0.0
SOLUSDT,binance,1h,4.727075295173023,1,0.75,3.66510474500991,0.16481288392441987,0.6286518665400049,38.36153488866634,2.3635376475865177,0.0,0.0,0.0
SOLUSDT,binance,1h,2.1719099105770283,1,0.75,3.4990781627533503,0.14488087725208668,0.6076780345317719,41.11553503913321,2.58090089422945,0.0,0.0,0.0
SOLUSDT,binance,1h,0.0,0,0.875,1.892067486874018,0.12414729549694638,0.568270523245618,40.2737745892543,2.1668873452665953,0.0,0.0,0.0
SOLUSDT,binance,1h,0.2742683870663143,1,0.875,2.0693569610944467,0.13893772414698005,0.6152573308752985,42.68086775160107,2.1773161293370147,0.0,0.0,0.0
SOLUSDT,binance,1h,0.942566449392217,1,0.875,2.5167270548899756,0.15468023756749286,0.6769199243243622,44.67871781678336,2.041002172744672,0.0,0.0,0.0
SOLUSDT,binance,1h,0.3936449371805395,1,0.875,3.1790761392318827,0.18968077664768546,0.8032717314545766,49.062019091546716,1.8968839615281008,0.0,0.0,0.0
SOLUSDT,binance,1h,0.16606969923557813,1,0.875,2.6490874621977873,0.2031921548021846,0.8609279253060592,49.66397371721528,1.8593030076441273,0.0,0.0,0.0
SOLUSDT,binance,1h,0.42463310245520347,1,0.75,0.2201142068634482,0.1759698568633825,0.7967945555416076,35.76487714359838,1.673668975448082,0.0,0.0,0.0
SOLUSDT,binance,1h,-1.786014873072162,0,1.0,0.897282483799434,0.10742851170884636,0.683551221070617,32.41137121964011,1.4883457275601304,0.0,0.0,0.0
SOLUSDT,binance,1h,4.805811452345608,1,1.0,3.097321818143965,-0.01278482443123112,0.01876567719524702,18.71614016521652,2.402905726172799,0.0,0.0,0.0
SOLUSDT,binance,1h,0.0,0,1.0,3.26481206528042,0.10299606359097989,0.3861792632784471,24.40580192397872,2.9410868704827617,0.0,0.0,0.0
SOLUSDT,binance,1h,-3.4503060517239987,0,0.875,4.023714490428674,0.16906931854096666,0.6140284630395815,32.53774790440251,2.8752550431033255,0.0,0.0,0.0
SOLUSDT,binance,1h,0.1038076318358776,1,1.0,0.711063036683985,-0.012522769311091815,0.011012556544682583,21.069766841425942,2.3419236816413687,0.0,0.0,0.0
SOLUSDT,binance,1h,-2.8049087889636155,0,1.0,1.0580624229074194,-0.019880757255692678,0.02896694535489075,19.175796734993146,2.3374239908030163,0.0,0.0,0.0
SOLUSDT,binance,1h,0.0,0,1.0,2.400754423815505,0.16124849470198646,0.7576657610205718,33.77964102840879,1.7522485448978515,0.0,0.0,0.0
SOLUSDT,binance,1h,-2.13068154037731,0,1.0,0.8691578584782744,0.06756148513572648,0.5542697276301671,27.635225810925494,1.775567950314422,0.0,0.0,0.0
SOLUSDT,binance,1h,0.0,0,1.0,1.0386958526062209,0.06955206708041586,0.5694968152398476,25.21070707978015,2.4103621612404966,0.0,0.0,0.0
SOLUSDT,binance,1h,1.400283398682177,1,1.0,2.904611113763199,0.08948972159794906,0.5993973246776161,24.611455947860218,2.863832679845123,0.0,0.0,0.0
SOLUSDT,binance,1h,-4.211172307598872,0,1.0,4.371622454914837,0.11632832422813154,0.6081915816249577,26.21213150554458,2.8117230759889074,0.0,0.0,0.0
SOLUSDT,binance,1h,0.0,0,1.0,3.266640361869669,-0.025850064541574142,0.025114243830609784,27.04350451143837,2.0965255042958297,0.0,0.0,0.0
SOLUSDT,binance,1h,0.8717315594085164,1,1.0,3.4000832430686723,0.0018140741185236407,0.00011120779460627173,31.81594429697155,2.599351072581607,0.0,0.0,0.0
SOLUSDT,binance,1h,0.1558110554763914,1,1.0,2.966277151437345,0.032779314793368264,0.0347357995975377,35.93095615286496,2.4418894452361806,0.0,0.0,0.0
SOLUSDT,binance,1h,4.598972614744014,1,1.0,2.8916651824609816,0.0653111718555169,0.12919931763883774,39.74685685033555,2.2994863073720118,0.0,0.0,0.0
SOLUSDT,binance,1h,1.5197107604620044,1,1.0,2.1052422428639113,0.22331643744739918,0.9388018290885602,49.78210251212917,1.8028923953797977,0.0,0.0,0.0
SOLUSDT,binance,1h,-2.264839143268631,0,0.875,1.7333325565508408,0.21231521829427535,0.9293700042385361,46.68452825012853,1.887365952723849,0.0,0.0,0.0
SOLUSDT,binance,1h,0.0,0,0.875,0.49836589961191946,0.05349424358963291,0.3405251145237038,18.436681820493796,2.1566533549656683,0.0,0.0,0.0
SOLUSDT,binance,1h,-9.611707901177766,0,1.0,2.905333016507252,0.03725623259305312,0.1538450576116348,19.562331263260006,2.217079011777856,0.0,0.0,0.0
SOLUSDT,binance,1h,8.357677771574345,1,1.0,7.062422379897952,0.14928322742465244,0.4356337383916862,26.35606872704978,4.178838885787165,0.0,0.0,0.0
SOLUSDT,binance,1h,-5.05823159103187,0,1.0,3.309556920362884,0.28383685835419836,0.7792239214051094,32.00287029983345,4.215192992526556,0.0,0.0,0.0
SOLUSDT,binance,1h,9.238789864564069,1,1.0,4.0329116062681925,0.03259924529213149,0.07527113887320314,18.06826723723487,4.619394932282036,0.0,0.0,0.0
SOLUSDT,binance,1h,0.30000000000001137,1,1.0,5.756361349313968,0.09274234863053234,0.2844041303365301,24.957173327184968,4.738662779236014,0.0,0.0,0.0
SOLUSDT,binance,1h,-2.891509018363763,0,0.875,1.8547119851764662,0.004383917292943105,0.003001521646877725,18.739646968634,2.409590848636469,0.0,0.0,0.0
SOLUSDT,binance,1h,0.5845267754662871,1,0.875,1.99013165596712,0.006720211600492352,0.006757319117870475,22.271141046616734,2.4880655786712427,0.0,0.0,0.0
SOLUSDT,binance,1h,0.553765433947973,1,0.875,1.4241683399317522,0.011158329096662686,0.017265941050483735,26.285261033582913,2.5956789938542855,0.0,0.0,0.0
SOLUSDT,binance,1h,-2.784457264595403,0,0.875,0.6098107139429536,0.03820939592248537,0.1730865325607136,31.170804995294166,2.320381053829493,0.0,0.0,0.0
SOLUSDT,binance,1h,0.0,0,0.75,1.3010295261393876,0.23004110421888427,0.8340302060880493,43.95745337997587,2.1246825088550385,0.0,0.0,0.0
SOLUSDT,binance,1h,0.0,0,0.75,2.139534666866052,0.2217402552225372,0.8253617274121597,47.48632373509128,2.192786979575264,0.0,0.0,0.0
SOLUSDT,binance,1h,0.9590297742665257,1,0.75,3.351424843182986,0.21891603212760907,0.8214263212835464,49.950295298318416,2.409702257334859,0.0,0.0,0.0
SOLUSDT,binance,1h,0.9290154686277958,1,0.75,3.621969464003508,0.21524552241933936,0.8206744954051074,52.24952277976549,2.409845313722405,0.0,0.0,0.0
SOLUSDT,binance,1h,-0.060000000000002274,0,0.75,3.920105108314673,0.20488137640596862,0.8221701580509556,53.770260638718035,2.31440743887289,0.0,0.0,0.0
SOLUSDT,binance,1h,-1.75846889368907,0,0.75,0.12589544132595143,0.09410388112019255,0.5491287990497784,22.85790904984478,1.4653907447409003,0.0,0.0,0.0
SOLUSDT,binance,1h,0.23542806316473275,1,0.75,0.5217868941608862,0.06478572898000852,0.39173351201161444,20.736565438172406,1.556830479463699,0.0,0.0,0.0
SOLUSDT,binance,1h,-2.0125863083985394,0,0.875,0.5475732042925211,-0.033630427987048614,0.40006135236905227,18.055977777760937,1.6771552569987829,0.0,0.0,0.0
SOLUSDT,binance,1h,-2.4860704142968473,0,0.875,1.5031247275088533,-0.005408217720109943,0.008536263386066167,20.336237512555783,2.071725345247375,0.0,0.0,0.0
SOLUSDT,binance,1h,0.0,0,0.75,1.0454816144237795,0.18001478927062586,0.7912398287192082,32.44640797006324,2.9194246789882827,0.0,0.0,0.0
SOLUSDT,binance,1h,0.0,0,0.875,1.721187225818488,0.1854128147245468,0.7921591019661086,35.37032640806374,3.970235273234705,0.0,0.0,0.0
SOLUSDT,binance,1h,0.0,0,0.875,4.789560280328883,0.20197667533826624,0.7618559658683199,41.73041910426643,4.755567381667876,0.0,0.0,0.0
SOLUSDT,binance,1h,0.0,0,0.875,6.2369129171046485,0.22198711551354466,0.7376814460292136,46.2497700846273,5.146739221948322,0.0,0.0,0.0
SOLUSDT,binance,1h,0.1538729956585314,1,0.875,7.376613855029284,0.23469077478187045,0.7178058051535373,50.605980574644036,5.381270043414625,0.0,0.0,0.0
SOLUSDT,binance,1h,10.712394258541536,1,0.875,8.221364696010045,0.2556548194830271,0.7346958506546754,54.35534722307179,5.3561971292707735,0.0,0.0,0.0
SOLUSDT,binance,1h,0.0,0,0.875,8.86437342388819,0.3087595139032486,0.7548122966376247,60.65618396741527,7.82384660823903,0.0,0.0,0.0
SOLUSDT,binance,1h,2.8969217295276906,1,0.875,8.735235879244586,0.3469529009541213,0.7769600665189094,64.88549506964122,7.997449371389778,0.0,0.0,0.0
SOLUSDT,binance,1h,16.011519834335445,1,0.875,7.417244431097396,0.3802324011163439,0.8141517726414439,66.5044844751784,8.005759917167715,0.0,0.0,0.0
SOLUSDT,binance,1h,0.8206054447949782,1,0.875,6.834907861050587,0.43724156352531135,0.8655041012248679,66.76938010559809,7.960612218716866,0.0,0.0,0.0
SOLUSDT,binance,1h,3.090430204950792,1,0.875,6.218301015370482,0.4482462353849563,0.8793266885732918,65.66014169377486,7.562364617158931,0.0,0.0,0.0
SOLUSDT,binance,1h,15.4313808893138,1,0.875,6.437718511220827,0.4862493754650748,0.8950213606194259,65.23795866962455,8.519524440196127,0.0,0.0,0.0
SOLUSDT,binance,1h,-34.43024755869999,0,1.0,8.777483720543197,0.5713863565917426,0.9186810559708571,66.25735200520114,9.424697809222064,0.0,0.0,0.0
SOLUSDT,binance,1h,-6.992142650210781,0,1.0,2.470447659858901,0.20474653060376002,0.6983904573496089,26.143756597646934,5.826785541842316,0.0,0.0,0.0
SOLUSDT,binance,1h,0.232778993135355,1,1.0,2.5216402057830183,-0.06189230028318821,0.15518422102561058,18.27783885040995,5.51221006864647,0.0,0.0,0.0
SOLUSDT,binance,1h,-6.561694907762785,0,1.0,3.5142806812884064,-0.040144951100907995,0.060255948743688115,20.904229256188263,5.468079089802315,0.0,0.0,0.0
SOLUSDT,binance,1h,1.0186046082454823,1,1.0,1.5685420318161996,-0.025619852655648017,0.021753368410451723,23.829328346330893,3.353953917544838,0.0,0.0,0.0
SOLUSDT,binance,1h,-3.878438033051509,0,1.0,2.2661580985864966,-0.02744737700371842,0.025201608970164546,24.69613364844581,3.2320316942095797,0.0,0.0,0.0
SOLUSDT,binance,1h,0.5908618057258082,1,1.0,1.6408607072053594,-0.06531002043757025,0.17061256822530801,20.91754040470891,3.0024930538531023,0.0,0.0,0.0
