symbol,provider,base_timeframe,setup_primary,pnl,win,alignment,slope_score,regression_slope_pct,regression_r2,adx,atr,atr_pct,ema_compression,trend_age_bars,signal_age_bars,dist_ema25_atr,dist_ema80_atr,dist_ema220_atr,dist_reg_atr,hour_utc,is_weekend,dist_pivot_P_atr,nearest_support_distance_atr,nearest_resistance_distance_atr,confluence_levels,confluence_fibo,alligator_mouth,ai_prob_entry,wick_reject_ratio,fractal_distance_atr
BTCUSDT,binance,30m,,495.03527084714733,1,0.75,-0.163309124975703,-0.024114072507421012,0.7775285399625578,41.80572564437744,247.51763542357335,0.2811482519431053,1.031234194711724,1.0,1.0,-2.7329054161347877,-4.181685422407534,-4.790007416832269,-1.7074411183351335,16.0,1.0,-5.697169810089853,0.3954465702312646,3.7725392714020436,0.0,0.0,0.0,0.0,1.170743651901359,1.6640430460446196
BTCUSDT,binance,30m,,636.8133650760283,1,0.875,-0.8929272017251398,-0.034209191344631636,0.7917260368985343,50.62479723469896,318.4066825380137,0.3642263167643354,1.801222757421608,6.0,6.0,-3.050465712819292,-4.70471311137659,-5.460312906409819,-2.0894853362200485,18.0,1.0,-6.3700296232252,0.4396578579449011,4.873892682245229,0.0,0.0,0.0,0.0,5.463601179505774,0.4396578579449011
BTCUSDT,binance,30m,,-1111.8300000000017,0,0.875,-1.6029971838735801,-0.04314587016656304,0.701450680415774,55.25071742335838,391.2829048414494,0.45237549111586056,2.7127348566257194,8.0,8.0,-4.126740793577243,-5.889291620253749,-6.684024712365716,-3.2713119618080104,19.0,1.0,-7.5472502464594555,2.7214069074432916,6.329767974411212,0.0,0.0,0.0,0.0,25.54391371338444,2.7214069074432916
BTCUSDT,binance,30m,,866.1199061249208,1,0.75,-1.059912217712212,-0.010172973679736968,0.06733259289696214,21.166023341474748,433.05995306246007,0.4918134091822594,1.2391461090830485,1.0,1.0,-2.1408017049217927,-2.211705749997785,-1.761212925860026,-2.3522093497324703,3.0,0.0,-3.5195357807194143,0.25793195424811455,0.03292846613769572,0.0,0.0,0.0,0.0,21.772556390946452,0.8075325310663576
BTCUSDT,binance,30m,,861.114045168506,1,1.0,-1.244293473841493,-0.05875725504264266,0.7755807336230489,32.109256119944604,430.55702258425447,0.5038414107753654,2.548754989277547,14.0,14.0,-5.733250241220589,-7.106515083020046,-7.412577412076847,-4.397909235150876,15.0,0.0,-9.575990597605895,1.5791520387220197,3.6207050825537,0.0,0.0,0.0,0.0,0.14758292562502107,5.330629578921501
BTCUSDT,binance,30m,,989.6450695585663,1,1.0,-2.2387481225107155,-0.07462031566809464,0.7106424737490742,38.882705983789464,494.822534779281,0.5855561598629011,4.1094521376008855,16.0,16.0,-5.94842973133471,-7.729402320369345,-8.227037624029526,-4.676022998777261,16.0,0.0,-10.252503965412409,3.294261852336825,5.070666397841359,0.0,0.0,0.0,0.0,0.18408609163544715,6.55851294534833
BTCUSDT,binance,30m,,0.0,0,1.0,-3.8260355877986707,-0.11200524883502266,0.7307494624228846,47.92259344779346,612.7925492122561,0.7312394458983104,5.376730069019227,22.0,22.0,-3.935313051707251,-6.4646393279864185,-7.4182256534750115,-2.5648235744560166,19.0,0.0,-9.425669433195662,3.806973506774731,2.996772728977691,0.0,0.0,0.0,0.0,0.45278256587050697,2.996772728977691
BTCUSDT,binance,30m,,737.0684005522926,1,0.875,-1.8113528341378502,-0.16209215429735208,0.8507917617712875,48.639994468683,666.2159944771569,0.8022508659358718,5.860512768710289,40.0,40.0,-1.4870983122738881,-4.801938696126056,-6.892162877158132,0.9284233630612435,4.0,0.0,-4.128510907575192,0.510314977152133,2.5196858284938046,0.0,0.0,0.0,0.0,0.787207369252951,2.5432292440377484
BTCUSDT,binance,30m,,370.098386852711,1,1.0,-1.7340950716075783,-0.16422402273705683,0.8545921026066337,43.459811838190674,598.7161314729475,0.7242274236293877,5.707239206953068,46.0,46.0,-1.4764587274436896,-5.164567929071871,-7.864379071227692,1.5198606000223323,7.0,0.0,-5.218165731252159,1.1920507273524916,1.1066513246769436,0.0,0.0,0.0,0.0,6.440736306494318,1.1066513246769436
BTCUSDT,binance,30m,,68.74953759538766,1,1.0,-0.40982609163981604,-0.1501191124948778,0.8085915131524163,40.65205605766978,553.104624046129,0.6715391486034493,5.7148327646457195,51.0,51.0,-1.5668542580719587,-5.46898865536396,-8.681340734080212,1.5522280176164946,9.0,0.0,-6.201557265798467,0.5562058001784889,1.7509887965052062,0.0,0.0,0.0,0.0,5.061016949152953,0.5562058001784889
BTCUSDT,binance,30m,,-642.4640293701814,0,0.875,-0.4570112396499888,-0.14126442732481564,0.7761806312509012,39.507956437186074,535.3866911418149,0.6463375041792239,5.338794154148647,53.0,53.0,-0.5896478496861862,-4.525002004884512,-7.939411383380698,2.5201350702107517,10.0,0.0,-5.528546093828793,1.0261928603945705,0.9306917938832604,0.0,0.0,0.0,0.0,0.20398393574298873,0.49698657886421316
BTCUSDT,binance,30m,,739.4199646776397,1,1.0,-0.6119220986741577,0.03656442751728472,0.4817831961232927,19.10775106611386,369.70998233881863,0.4450365587466927,3.2790996599429385,1.0,1.0,-1.7635479958192286,-3.075292226023042,-7.775036854860782,-3.1230670362732447,8.0,1.0,-0.8042610357781051,0.8364935078127677,0.6943415440828734,0.0,0.0,0.0,0.0,21.459866220737645,1.5264126665717404
BTCUSDT,binance,30m,,318.0172497219173,1,1.0,-1.3170296597369724,-0.01893068118369869,0.11458727245144396,43.12803761909137,439.7275027809091,0.5396754501085592,4.632335106942948,13.0,13.0,-3.537289762127993,-5.317009182313238,-9.403054673443302,-3.68728812672846,14.0,1.0,-4.3013532730421735,0.8232143718796775,4.2089361895613076,0.0,0.0,0.0,0.0,6.057685185185282,2.4577948687882625
BTCUSDT,binance,30m,,139.05600613776187,1,1.0,-1.6090489183609673,-0.033691947997013416,0.2606827071229173,46.92641005906018,450.9399386223145,0.5546470033354771,5.0394790307607344,15.0,15.0,-3.277183669829792,-5.307767720111404,-9.391574864241965,-3.1681923649366555,15.0,1.0,-4.588778141176027,0.4083692399537698,4.4986589704113085,0.0,0.0,0.0,0.0,15.807311500375423,1.0564378073395726
BTCUSDT,binance,30m,,1172.0015268078714,1,1.0,-2.1297420306560397,-0.052607639341680064,0.4452556765665455,45.90392119602826,586.0007634039353,0.7291737345043757,5.761111123799807,17.0,17.0,-3.6020450320365662,-5.437135001652356,-8.678597238602421,-3.241797945028889,16.0,1.0,-5.1303232369016865,1.2849130018641028,5.060974635549569,0.0,0.0,0.0,0.0,0.3569681171044687,0.7862105798698815
BTCUSDT,binance,30m,,53.50722523580771,1,0.875,-0.25104327037054724,0.005512006438913962,0.028383686409635844,18.01160549927516,452.3477476419781,0.5793425260689146,2.8243443416241334,1.0,1.0,-0.7486071308602363,-0.6671934058752522,-4.807050153595924,-1.1046972605743233,11.0,0.0,1.131791494490958,0.21828781178800116,0.5696502333508694,0.0,0.0,0.0,0.0,12.669798027246893,0.2862841711383871
BTCUSDT,binance,30m,,0.0,0,0.75,-0.2628399695435067,0.000277297472969368,8.301490561724023e-05,19.19360291665732,427.3674966912973,0.5455969336643302,2.5473594707212794,3.0,3.0,-0.17326478921208632,-0.11295735440940645,-4.419928249669385,-0.3972912447024749,12.0,0.0,1.7847013150002609,0.03688862658497176,0.016192153248839172,0.0,0.0,0.0,0.0,10.032702237525685,0.889772860463158
BTCUSDT,binance,30m,,0.0,0,1.0,-0.6117357134257831,-0.01378343199112089,0.16814330078421136,24.502241693833273,505.7074561548054,0.6505430625047345,3.0339979834597277,2.0,2.0,-1.0439318386217398,-1.1837171766239052,-4.7161999253757365,-0.9665015402591084,15.0,0.0,0.33351957002132787,0.30227456237704586,0.08587969085967545,0.0,0.0,0.0,0.0,0.7024430363184535,0.5216454627856019
BTCUSDT,binance,30m,,0.0,0,1.0,-1.2264266637220849,-0.026582082622626155,0.3295268417635969,30.991116748516227,590.8822489694269,0.7725154677296474,4.099492427902661,5.0,5.0,-2.571181585111733,-2.973275186319233,-6.01108705645351,-2.3883463435987156,16.0,0.0,-1.826855805110703,0.7430922163693572,0.22542562453401618,0.0,0.0,0.0,0.0,1.0280846921392268,2.558750076917994
BTCUSDT,binance,30m,,94.01903057354502,1,1.0,-2.1653132906180526,-0.04116311047047093,0.35307959758827745,36.82282127607338,642.009694264455,0.8569751373701793,5.736285159686379,7.0,7.0,-4.211978282268138,-4.96952247895429,-7.851343658465867,-3.9950354781182815,17.0,0.0,-4.130384152072278,0.24644487678843838,2.6564863665399483,0.0,0.0,0.0,0.0,0.06063930280037432,4.803992879785966
BTCUSDT,binance,30m,,-1065.481922128878,0,0.875,-3.521147281852061,-0.08512820964311384,0.487804964655578,43.793031614845724,887.901601774061,1.173503791014486,5.992597245825872,12.0,12.0,-1.0945732739223317,-2.285228976394477,-4.566068138792005,-0.6422208457645671,20.0,0.0,-2.145616882389005,0.05350818143031614,1.0798944365954493,0.0,0.0,0.0,0.0,0.47902232486528823,3.059956187230042
BTCUSDT,binance,30m,,951.5484905363992,1,1.0,-0.9085746337747648,-0.019099473712888667,0.04886588678740433,20.127730809264648,475.7742452681979,0.6354926005692734,4.444116730034379,1.0,1.0,-2.638555810995188,-4.071723508335911,-8.17039110108224,-2.123740701521554,13.0,0.0,-2.313085833484541,0.09277509331157119,4.1178857819334045,0.0,0.0,0.0,0.0,0.08185035440256476,1.6793679101936194
BTCUSDT,binance,30m,,1320.6314151592087,1,1.0,-1.6431808320153292,-0.011911535615948505,0.022943874361194494,30.800901952857547,675.2525150745769,0.9108250190251812,5.526460643148038,5.0,5.0,-2.3426699697568707,-3.6497592370466085,-6.622954127583529,-2.374034688253773,15.0,0.0,-2.71179540362679,0.9199669547789809,3.983434256002639,0.0,0.0,0.0,0.0,0.44143632869433,2.265285898018553
BTCUSDT,binance,30m,,0.0,0,0.75,-0.26854395436472883,0.18795322337570244,0.7495134853039316,27.762860258568228,757.7840328081629,1.1019163727140724,5.74674122209826,1.0,1.0,-1.589772526201254,-0.534697748089566,-4.1081745547435355,-4.122177769491789,6.0,1.0,1.7495574058925603,0.6364676202172046,2.56425302707838,0.0,0.0,0.0,0.0,0.058589561788812354,1.2514779395465114
BTCUSDT,binance,30m,,-947.7096448898956,0,0.875,-2.443763834093065,0.09350842897638413,0.3005250913163712,29.694409362868925,789.7580374082453,1.159053273212743,5.796706743261676,7.0,7.0,-1.5069955943275164,-1.1536310891834445,-4.4986526347003775,-3.2390488895972087,9.0,1.0,0.8791764487073344,1.061337726616527,1.6608884466748988,0.0,0.0,0.0,0.0,0.7739541160593492,0.8253160703992576
BTCUSDT,binance,30m,,511.2138632336719,1,1.0,-1.3939092010200183,0.005224996394600754,0.00710183845589496,24.32922574055297,442.5613676635007,0.6410684784397653,2.0674490349538974,5.0,1.0,-1.398336647170067,-1.9975400518959683,-3.208894572852387,-1.8446604662616157,8.0,0.0,-2.1049058233846742,0.3978838029393394,1.7351175590723031,0.0,0.0,0.0,0.0,1.68126626192542,0.7975391116116981
BTCUSDT,binance,30m,,242.47570224262017,1,1.0,-0.922669939350534,-0.018012592803284818,0.07698520154744104,29.67630743353328,393.7429775739267,0.5726226067931874,2.3126456838065446,13.0,9.0,-1.4219792166839547,-2.5059467734075174,-4.039459419026576,-1.5247881129562169,12.0,0.0,-3.0608037949672973,0.11626027452911922,1.6669757618134704,0.0,0.0,0.0,0.0,0.298603746907052,0.0902365299793263
BTCUSDT,binance,30m,,-722.7164557193755,0,1.0,-0.7284411752717899,-0.029511813983863034,0.19691382317317696,32.364930045948135,398.7645571938456,0.5801489334434456,2.3441164145513524,15.0,11.0,-1.2307394901330218,-2.4093394109948267,-3.9791294426834156,-1.0485906255387936,13.0,0.0,-3.0886646713721606,0.18120132635440916,1.712388896358353,0.0,0.0,0.0,0.0,1.9228857715431236,0.02269509623344877
BTCUSDT,binance,30m,,-1277.056019393407,0,1.0,-0.543251798866067,-0.04398381513559362,0.42824303469472014,30.446758641761644,510.58019393399326,0.7458036966392152,2.234354697434918,18.0,14.0,-1.3580213360832796,-2.306608052224491,-3.5704934636078667,-0.8612277111195107,14.0,0.0,-2.9498010653243383,0.00045830214876488415,2.401185973458464,0.0,0.0,0.0,0.0,0.8635501797973117,0.1766030117722413
BTCUSDT,binance,30m,,155.06336643996474,1,1.0,-0.501757990752272,-0.043651271312906886,0.5675696394424882,25.479977640521774,476.4330022669525,0.6936295792242231,2.0910423145086323,3.0,3.0,-0.744194884554018,-1.6185874467653705,-3.029603364962121,0.14873627614176851,22.0,0.0,-2.6857081560505356,0.42546730747482003,2.0644700555725772,0.0,0.0,0.0,0.0,3.5307517084287143,0.17278400028608284
BTCUSDT,binance,30m,,561.0969850373222,1,1.0,-0.35581533640217794,-0.019785859452735165,0.2652986933897662,22.407281181860384,418.9634829601315,0.614424157333471,2.3808717067433127,14.0,14.0,-1.6327518102443361,-2.6443629928131296,-4.33197702458047,-1.234011969941493,3.0,0.0,-2.0725036158245738,0.6654279223340408,2.973855043078393,0.0,0.0,0.0,0.0,2.709452041122263,0.7595172680724365
BTCUSDT,binance,30m,,874.5084553087945,1,1.0,-0.9073483570150919,-0.0260236205409599,0.3104824389609676,26.472512552954385,437.25422765439913,0.6469745081256831,3.222681532832836,16.0,16.0,-2.5078431385690156,-3.722689488812523,-5.4312220821235035,-2.1443566521803694,4.0,0.0,-3.3660814241381085,0.24420575776429543,1.7334537942971922,0.0,0.0,0.0,0.0,26.644955300122366,2.1080184974872873
BTCUSDT,binance,30m,,-538.8110396513075,0,1.0,-2.0686497833167667,-0.03789369651662203,0.36913104517560424,34.20458656858362,449.00919970942516,0.6719650545065111,4.168423032155119,20.0,20.0,-3.244816273639697,-4.905909835136233,-6.773828448473675,-2.9154913181658224,6.0,0.0,-4.979794032684254,1.0683077324705514,0.01376363781408573,0.0,0.0,0.0,0.0,0.8725428238816126,1.2197522909428633
BTCUSDT,binance,30m,,-742.9770329884195,0,1.0,-0.47945849238911453,-0.09033525929685873,0.776028267631751,33.25739392211237,619.1475274903474,0.9353813467314511,4.231972026591637,2.0,2.0,-1.8236654037846267,-3.4369571718813536,-5.263397847889333,-0.6335177381171034,15.0,0.0,-4.62620491265385,0.43890993331025874,0.2939364075920379,0.0,0.0,0.0,0.0,1.1104630431460711,0.9813331605518991
BTCUSDT,binance,30m,,-784.1172235698032,0,1.0,-0.5710713330598568,-0.09758151963860977,0.8233590848254436,29.070204655799454,653.4310196415063,0.9894609687103598,4.621442740317447,5.0,5.0,-1.6526078081091786,-3.276441229669514,-5.095037254716724,-0.4157523505724957,16.0,0.0,-4.617477962690959,0.4332362429859987,0.044518853751320586,0.0,0.0,0.0,0.0,0.2304962651478919,0.4332362429859987
BTCUSDT,binance,30m,,342.9840906653262,1,1.0,-0.9789760962671522,0.012789349480513888,0.05353404410940121,18.43780906080185,589.9924266798139,0.8957823243478338,3.5736982477482795,1.0,1.0,-2.5577708417678675,-3.0128062390461863,-4.762274022437958,-2.8822341253631287,16.0,0.0,-2.56573349907568,0.08028916619586172,0.24852861387588635,0.0,0.0,0.0,0.0,2.3502276776874744,3.0804632700587753
BTCUSDT,binance,30m,,-732.8826084907705,0,1.0,-2.3338709675500704,-0.015242862634901079,0.05220752305142273,24.05229297247683,610.735507075639,0.9352189966215535,4.638581233386715,4.0,4.0,-2.7651434933212755,-3.5859379793431905,-5.381614386027046,-2.862889673539205,18.0,0.0,-3.3944699617351533,0.83831706863015,0.648414895502312,0.0,0.0,0.0,0.0,3.509409946358825,3.891717400517274
BTCUSDT,binance,30m,,-15.034490171448851,0,1.0,-2.825267794915479,-0.04115982793435171,0.26206899242365056,27.933741776122737,593.4782350475666,0.9059947989985094,4.3764652738267555,8.0,8.0,-1.892007451008692,-3.05713681855175,-5.022268301953672,-1.7032985408195707,20.0,0.0,-3.1533310285310727,0.5228498395988064,0.8497363007079507,0.0,0.0,0.0,0.0,0.8981815608858753,0.6532674276907954
BTCUSDT,binance,30m,,-683.9563574879867,0,1.0,-2.848088663978412,-0.05116120999734898,0.34488003692823965,29.578013154473993,569.963631239994,0.8688007775805738,4.373309125438177,10.0,10.0,-1.5106504712318507,-2.8574103262546235,-4.964012506106745,-1.1825637505070064,21.0,0.0,-3.1118535220829107,0.37284835093366403,0.8075339807184927,0.0,0.0,0.0,0.0,1.1609129814549994,0.8517911905076982
BTCUSDT,binance,30m,,120.88799908672809,1,1.0,-0.6722556822558358,-0.009079173265509957,0.04381424302973036,18.048768461371353,312.14500913269774,0.45882538108941534,0.8541510968560815,1.0,1.0,-1.219780801117348,-1.8786323609379756,-2.2101408320632374,-0.9798134629886847,9.0,0.0,-2.369860091805971,0.4872815375860533,0.051738773734897554,0.0,0.0,0.0,0.0,0.89493844049247,0.44636305538612786
BTCUSDT,binance,30m,,-262.50999999999476,0,1.0,-0.7230024932905845,-0.00971669550334209,0.04923517424494894,21.45359861831428,303.97246175821397,0.44803761168159617,1.1286805513180465,4.0,4.0,-1.5437075470246668,-2.3848496057255697,-2.814341177441502,-1.3970513989486426,10.0,0.0,-3.045571939790935,0.11161372909823614,0.6651260407951401,0.0,0.0,0.0,0.0,1.97661971830981,0.15363233804101387
BTCUSDT,binance,30m,,0.0,0,1.0,-0.033028599107551106,-0.06357058614679269,0.34486790035170234,22.2628801632739,367.96826345167784,0.5604138029818381,2.2533947615477232,1.0,1.0,-0.9938811215541722,-2.782100857920165,-4.371051760163856,0.9159928704737776,15.0,0.0,-5.524117707686316,0.32529202854164146,1.0530165374371714,0.0,0.0,0.0,0.0,0.8840480742967578,0.35429685912878467
BTCUSDT,binance,30m,,0.0,0,1.0,-0.5493108318801603,-0.059960392916608485,0.3188765455803183,22.395810719156298,381.35294144557963,0.5834238253330808,2.5989143845852065,3.0,3.0,-1.5272607062612555,-3.307435698736948,-4.908741629584069,0.17664124621189806,16.0,0.0,-6.104974544511902,0.5195187409568598,1.197447168675286,0.0,0.0,0.0,0.0,0.3395038736590923,0.43287983927497575
BTCUSDT,binance,30m,,84.17951168148284,1,1.0,-1.2440205276686087,-0.06111218638443506,0.3246520211570948,25.638334446949496,434.4048831852193,0.6702407550325648,3.47914673580196,5.0,5.0,-2.1856915948378735,-3.9563195535202804,-5.473215089600434,-0.8092363803935927,17.0,0.0,-6.628700807610944,0.2937812279278377,0.21809147103809884,0.0,0.0,0.0,0.0,1.807728237791937,1.6493138722257787
BTCUSDT,binance,30m,,0.0,0,1.0,-1.5758256916218167,-0.061468949358197224,0.32614498457971886,27.31657267637739,438.62145539950023,0.6786077670324775,3.697698728765289,7.0,7.0,-2.21947896252792,-4.122770837645392,-5.724671916177381,-0.9498610479842367,18.0,0.0,-6.970270064001727,0.11433549221691493,0.6212874373685108,0.0,0.0,0.0,0.0,2.0489228251977556,1.1022032644519557
BTCUSDT,binance,30m,,0.0,0,0.875,-1.8290371432980777,-0.060006278210878956,0.31441234603118595,30.565160979715596,425.1482959886784,0.6583213859825502,3.8446718135019062,13.0,13.0,-1.3423142360713858,-3.712675880648459,-5.691791596026022,-0.32555638228445355,21.0,0.0,-7.320128127910632,0.02860178463544879,0.7699431071192945,0.0,0.0,0.0,0.0,9.061188030367875,1.443849136387801
BTCUSDT,binance,30m,,936.1344103763549,1,1.0,-0.3658090465793996,-0.02383685433256184,0.10649200870777742,28.39628180689897,468.06720518817576,0.7295281101344739,3.793314097288994,21.0,21.0,-1.6219671424715523,-3.6992556886010464,-5.721908498789661,-1.4926987693905882,1.0,0.0,-2.669744827556577,0.32896985367325415,1.7731926615103712,0.0,0.0,0.0,0.0,0.6661653583742896,0.8089222996252965
BTCUSDT,binance,30m,,196.22665791775216,1,1.0,-1.4800935934368582,-0.06526094885192975,0.520642082762913,37.03714568927499,476.93342082262814,0.7525120699946988,5.100120254091064,27.0,27.0,-2.2326756682220017,-4.630319989177401,-6.90633408899304,-1.4510317356626092,4.0,0.0,-4.2585608626394515,0.1153200794885258,3.3786756452377547,0.0,0.0,0.0,0.0,1.4832732561816198,0.1153200794885258
BTCUSDT,binance,30m,,-1934.9181742103901,0,1.0,-1.9284146426487867,-0.08299611445781052,0.6754526512368937,40.56956953557093,494.64840877053103,0.7838523965780269,5.527639798099479,29.0,29.0,-2.2655692835535945,-4.759926825745663,-7.077914426004165,-1.2361260116567638,5.0,0.0,-4.660077661483663,0.6652199707219577,3.8117040303833387,0.0,0.0,0.0,0.0,0.3264910921765882,0.6652199707219577
BTCUSDT,binance,30m,,0.0,0,0.75,-1.7610433706957784,-0.034059913010508994,0.2692289030742743,35.413437775586644,416.3152079730394,0.6308163644016183,1.9779223835575253,10.0,1.0,-1.5957118284044176,-2.591800541554461,-1.9487997465457167,-1.3643920894366142,16.0,0.0,-3.8883998686515353,0.49520170306474715,0.1232639732680363,0.0,0.0,0.0,0.0,2.42949364535003,0.8333108984634182
BTCUSDT,binance,30m,,-518.5572253925129,0,0.75,-1.7787436754075299,-0.04421525119378706,0.3505477237484359,38.797939990491464,432.13102116042717,0.6627246828289137,2.636577511529359,12.0,3.0,-2.914045394667616,-4.131500892974289,-3.646846375647873,-2.5684012590512375,17.0,0.0,-5.576665136255863,0.06307500580142124,0.49745715104969107,0.0,0.0,0.0,0.0,0.7055925925926001,1.0277669925370057
BTCUSDT,binance,30m,,0.0,0,0.75,-1.2010911512781461,-0.05579356144890572,0.4888307136656661,40.995189614213636,444.9667478373073,0.6785471841882533,2.2943153533477445,14.0,5.0,-1.720806669969112,-3.0300014365258083,-2.661246216936525,-1.1307674299885486,18.0,0.0,-4.5816232559143835,0.480283079665383,0.2612105299214245,0.0,0.0,0.0,0.0,1.5505954728291542,0.16394483487712147
BTCUSDT,binance,30m,,0.0,0,1.0,-0.10970214126784908,-0.06598833092386082,0.5891413785997752,40.07408927968668,250.88661492730148,0.38250141052412423,1.4085895287951535,1.0,1.0,-0.9216058404876618,-3.184538444886531,-3.858190041201928,1.8086836469077667,5.0,1.0,-2.9631845188263974,0.23798599226702769,0.5191588241474823,0.0,0.0,0.0,0.0,1.6535876475929887,0.4106635980953128
BTCUSDT,binance,30m,,-487.24933422069444,0,1.0,-1.4949332409934488,-0.07060718950557893,0.5761926197647216,45.05025568278784,406.04111185058116,0.6423074025877007,3.7199117474031382,3.0,3.0,-5.7059653938297314,-7.515950509341219,-8.1146949182221,-4.1722143774675144,6.0,1.0,-7.680117215521985,0.5364727699793946,0.5631203179350525,0.0,0.0,0.0,0.0,0.13735784965293343,5.595467881676145
BTCUSDT,binance,30m,,-561.7342524658088,0,1.0,-2.0700981549823916,-0.07546492058170778,0.5789573284533032,48.50581747739949,468.11187705483775,0.733418790234133,4.118507024661352,5.0,5.0,-3.059389775768633,-4.945741138194694,-5.626274217403008,-1.815655654408914,7.0,1.0,-5.35866201284075,0.015728077754242537,0.8146343186146584,0.0,0.0,0.0,0.0,1.60057480440683,1.7004482026990981
BTCUSDT,binance,30m,,0.0,0,0.75,-0.22992258130221493,-0.10292944874067261,0.8080947656163253,43.5839039817095,304.5676897957428,0.447707665265155,2.177313610031921,2.0,2.0,-1.3503338254781938,-5.087282816100987,-5.074893122321345,1.8704088227470297,4.0,1.0,-3.4956980084811433,0.6732352812053637,0.44050813644916664,0.0,0.0,0.0,0.0,3.141263940520446,0.10621612562284997
BTCUSDT,binance,30m,,0.0,0,0.75,-0.12036416603648378,-0.0132135795911836,0.4492603684944251,25.78246600319254,220.98398277909635,0.3260137923848226,2.101063805537051,3.0,3.0,-0.9141692633310629,-4.636334957834613,-6.582845477622277,-0.2729826806510699,16.0,1.0,-5.924848716187258,0.16620637797598642,0.17396057178692984,0.0,0.0,0.0,0.0,6.1429824561355435,0.7882471743399113
BTCUSDT,binance,30m,,0.0,0,0.75,-0.3742893821384852,-0.01402687023532205,0.5061455271300588,25.767510864452852,213.77703566622645,0.31638737917747084,2.264502779862324,7.0,7.0,-1.6057428910000617,-5.317157543204391,-7.5598862061719245,-1.0138999119880392,18.0,1.0,-7.132649500516818,0.09989379791633855,0.3764903921938447,0.0,0.0,0.0,0.0,0.83264088633224,0.6271487467405905
BTCUSDT,binance,30m,,-289.6795654750604,0,0.75,-0.7191245171742794,-0.0183004236168602,0.5061193419756701,29.40024248859013,241.39963789587927,0.35986644953779195,2.8130888795567492,9.0,9.0,-2.976755899381126,-6.415894774788793,-8.563948451509953,-2.4449620962582443,19.0,1.0,-8.337156941116685,0.17405162810611027,0.08206900699648348,0.0,0.0,0.0,0.0,1.1201737124244464,2.5760602021624486
BTCUSDT,binance,30m,,45.859833656810224,1,0.75,-0.7100734667691421,-0.023333614528163907,0.6342983395838122,32.589387398393924,230.15166343194178,0.34122546638792856,2.5365656911671786,12.0,12.0,-1.1268817749769566,-4.733904460460533,-7.174535766130445,-0.4207153142753842,21.0,1.0,-7.144709024242787,0.2992591883671831,0.16982280039679004,0.0,0.0,0.0,0.0,1.268319438350054,2.113606274863381
BTCUSDT,binance,30m,,0.0,0,0.75,-0.6708559046097944,-0.02629491299534943,0.7044181852735483,33.84383755972546,225.3595975510104,0.3349755591237681,2.5563683407251725,1.0,1.0,-1.687040897679997,-5.344184565522962,-7.952143835718519,-0.8524363194200214,22.0,1.0,-8.060436237935336,0.4581788444871214,0.24747115546024379,0.0,0.0,0.0,0.0,0.09572901325474906,0.9168457977621353
BTCUSDT,binance,30m,,0.0,0,0.875,-0.4603755618085582,-0.03187838528121398,0.7612751441650804,40.41726424164562,240.6653293926776,0.3591746440087062,2.778098132969693,11.0,11.0,-1.6329261560000403,-4.958179801784943,-7.90228297932651,-0.6870134964142275,3.0,1.0,-2.3738497554883446,0.4458770323416885,0.39495272880094456,0.0,0.0,0.0,0.0,0.9792843691147702,0.3997667642563188
BTCUSDT,binance,30m,,-323.26058567631117,0,0.875,-0.5230765752803652,-0.03439653606320641,0.768117953617486,44.580629372107055,269.3838213969255,0.4013070545301267,2.771157430925739,15.0,15.0,-0.5456645711109712,-3.5351509307924602,-6.348460957232565,0.3556122551775685,5.0,1.0,-1.6697117555199565,0.028812668208539692,0.09821885847254729,0.0,0.0,0.0,0.0,0.14409516412541543,1.0877787629578233
BTCUSDT,binance,30m,,90.93098278986872,1,0.875,-0.3026669379984436,-0.007254820378723704,0.05519697375448773,32.06682569961071,322.7044578154928,0.480084729716169,2.024427536758828,2.0,2.0,-0.4675114525931411,-1.8217846660572807,-4.249272988824771,-0.13218702172646576,15.0,1.0,-1.1099113280242512,0.38177789487452846,0.29147412662572125,0.0,0.0,0.0,0.0,2.2342068320080966,1.4147619871462598
BTCUSDT,binance,30m,,93.52313281294482,1,0.875,-0.7657990286453985,-0.005925560196817744,0.03962955138690272,33.88821998649606,315.64761923886914,0.4720165558290995,2.301389528751708,4.0,4.0,-1.395862541916148,-2.833054229302473,-5.349525228020197,-1.1838059489021255,16.0,1.0,-2.2311377954680256,0.39628968226803396,0.29452938762590464,0.0,0.0,0.0,0.0,0.2882316442605709,0.34997887918933424
BTCUSDT,binance,30m,,-367.2861554481933,0,0.875,-0.6595374975116938,-0.0038069727291678655,0.01842802186380388,37.15560614047226,306.071796206824,0.4581638767241842,2.4029115640075727,8.0,8.0,-1.3447010839559872,-2.8950314606811216,-5.5535382631408705,-1.3385405351282846,18.0,1.0,-2.523601791820747,0.3996699265457479,0.08108391660901208,0.0,0.0,0.0,0.0,0.48137038206515503,0.13826821198321
BTCUSDT,binance,30m,,124.65150570377591,1,0.875,-0.7085481748783077,-0.00838986046797073,0.06229307892420899,31.336515082103755,412.4667611440417,0.625754775908702,2.930076567262853,3.0,3.0,-2.8242493046109423,-4.01045320389195,-6.043609270496132,-2.8219548200137425,22.0,1.0,-4.027775059317243,0.40220982015140677,0.29660571838729927,0.0,0.0,0.0,0.0,0.2684242440697586,2.013398601372338
BTCUSDT,binance,30m,,0.0,0,0.875,-0.748186585224764,-0.01319676214125696,0.12223712636982487,33.05799653506659,426.5289420068524,0.6416862913167193,2.944981491340969,5.0,5.0,-1.1797232248058531,-2.4383312291507933,-4.456557836054723,-1.14775390509294,23.0,1.0,-2.5939466806816736,0.5866424886027235,0.03900477793694678,0.0,0.0,0.0,0.0,0.5169589640238492,1.9963944204900155
BTCUSDT,binance,30m,,-537.5458848928101,0,0.875,-0.9673737877254861,-0.019741844753028842,0.20343068886317195,34.37699910028953,447.9549040773363,0.6769717337016798,3.246307282312175,7.0,7.0,-1.4954516509859581,-2.8339771839168932,-4.819742670604675,-1.410354624623494,0.0,0.0,-0.9513532042050613,0.11025663420683776,0.2968602392552963,0.0,0.0,0.0,0.0,1.1638052208835599,1.232065984715072
BTCUSDT,binance,30m,,214.7278373525187,1,0.75,-0.8897438075878071,-0.023241775716842314,0.25704015552189496,33.342192072533216,463.3216264748469,0.6969249437617703,2.8833350282453414,9.0,9.0,-0.6440499759707303,-1.9632134739751756,-3.91580328737795,-0.493765704727319,1.0,0.0,-0.24974731746007772,0.563453085465179,0.36024381436692776,0.0,0.0,0.0,0.0,2.1540959942256492,1.4220790965728305
BTCUSDT,binance,30m,,-554.3106420872355,0,0.875,-1.1287535410243157,-0.028819711618355705,0.33866529549718716,32.644620682697074,461.92553507270003,0.6986137919409017,3.104798934162775,11.0,11.0,-1.227145825599583,-2.6195205419399556,-4.624814793067384,-0.9870911080149266,2.0,0.0,-1.0310391982516824,0.21538103535312683,3.092644421688878e-05,0.0,0.0,0.0,0.0,2.130497952714572,0.6458400269061747
